Strike,Compra,Compra.1,Compra.2,Venta,Venta.1,Venta.2,Últ.,Vol.,Aper.,Máx.,Min.,Ant.,IV_raw,IV
"13.800,00",-,-,-,-,-,-,33000,1,33000.0,33000.0,33000.0,41600.0,500.0,
"14.500,00",-,-,-,-,-,-,15000,5,15000.0,15000.0,15000.0,18400.0,500.0,
"14.900,00",-,-,-,-,-,-,5800,1,5800.0,5800.0,5800.0,10100.0,239.776611328125,239.776611328125
"15.000,00",-,-,-,-,-,-,5800,1,5800.0,5800.0,5800.0,8500.0,186.004638671875,186.004638671875
